id;nom;created_date;start_date;end_date
1;Market Beauty;2022-01-02;2022-01-02;2022-01-02
2;Licensed;2022-01-02;2022-01-02;2022-01-02
3;Streets;2022-01-02;2022-01-02;2022-01-02
4;AGP Profit-focused;2022-01-02;2022-01-02;2022-01-02
5;Cambridgeshire Automotive Rwanda;2022-01-02;2022-01-02;2022-01-02
6;Vision-oriented Switzerland;2022-01-01;2022-01-02;2022-01-02
7;Yemeni Louisiana Federation;2022-01-02;2022-01-01;2022-01-02
8;Ecuador;2022-01-02;2022-01-02;2022-01-01
9;experiences;2022-01-02;2022-01-02;2022-01-02
10;HTTP;2022-01-02;2022-01-02;2022-01-02
